mm_Lead__c,mm_Contact__c,mm_Stage__c,mm_Start_Date__c,Lead_Contact_Source__c,CreatedDate,Unified_ID
 ,003V50000067fytIAA,MQL,2024-10-04,Event,2024-10-04T13:50:16.000+0000, 
 ,003V50000067djuIAA,MQL,2024-10-04,Web Site,2024-10-04T14:18:14.000+0000, 
 ,003V50000067zOKIAY,MQL,2024-10-07,Event,2024-10-07T16:38:44.000+0000, 
 ,003V50000067dEXIAY,MQL,2024-10-07,Webinar,2024-10-07T16:39:37.000+0000, 
 ,003V500000675FHIAY,MQL,2024-11-12,Google Natural Search,2024-11-12T13:25:02.000+0000, 
 ,003V50000067knzIAA,MQL,2024-12-20,Events,2024-12-20T19:47:42.000+0000, 
 ,003V50000067OY9IAM,MQL,2024-12-20,Webinar,2024-12-20T19:38:22.000+0000, 
 ,003V50000067PzeIAE,MQL,2024-12-20,Web Experience Banner - Webinar 12.7,2024-12-20T19:38:44.000+0000, 
 ,003V500000680fcIAA,MQL,2024-12-20,Webinar,2024-12-20T19:59:32.000+0000, 
 ,003V50000067VW1IAM,MQL,2025-01-13,Marketing Research,2025-01-13T15:56:44.000+0000, 
 ,003V50000067uH1IAI,MQL,2024-06-06,Website,2025-02-05T07:48:03.000+0000, 
 ,003V50000067eQHIAY,MQL,2025-06-13,Partner,2025-02-05T08:07:52.000+0000, 
 ,003V500000684VZIAY,MQL,2024-03-07,Zoominfo,2025-02-05T08:46:56.000+0000, 
 ,003V500000671jPIAQ,MQL,2025-02-19,Website,2025-02-19T18:08:55.000+0000, 
 ,003V50000067ymcIAA,MQL,2025-03-03,Linkedin Sales Navigator,2025-03-03T16:54:08.000+0000, 
 ,003V50000067NEwIAM,MQL,2025-03-06, ,2025-03-06T14:28:41.000+0000, 
00QV500000GjL78MAF, ,MQL,2025-03-10,Partner,2025-03-10T17:51:39.000+0000,00QV500000GjL78MAF
 , ,MQL,2025-03-14, ,2025-03-14T17:57:20.000+0000, 
 ,003V50000067S4vIAE,MQL,2025-03-20,Events,2025-03-20T13:49:05.000+0000, 
 ,003V50000067PCLIA2,MQL,2025-03-20,Events,2025-03-20T17:44:18.000+0000, 
 ,003V50000067Xq3IAE,MQL,2025-03-20,Events,2025-03-20T17:44:18.000+0000, 
 ,003V50000067eRbIAI,MQL,2025-03-20,Events,2025-03-20T17:44:18.000+0000, 
 ,003V50000067g2JIAQ,MQL,2025-03-20,Events,2025-03-20T17:44:18.000+0000, 
 , ,MQL,2025-03-31, ,2025-03-31T15:53:05.000+0000, 
 , ,MQL,2025-04-01, ,2025-04-02T01:39:54.000+0000, 
00QV5000006N869MAC, ,MQL,2025-04-07,Webinar,2025-04-07T19:51:04.000+0000,00QV5000006N869MAC
 ,003V500000KLqePIAT,MQL,2025-03-05,LinkedIn Ad,2025-04-10T15:03:22.000+0000, 
 , ,MQL,2025-04-19, ,2025-04-19T16:39:04.000+0000, 
 , ,MQL,2025-04-23, ,2025-04-23T18:49:50.000+0000, 
00QV500000GWDYVMA5, ,MQL,2025-05-06,Webinar,2025-05-06T19:57:06.000+0000,00QV500000GWDYVMA5
 ,003V500000MBSHVIA5,MQL,2025-05-08,Social Media - Organic,2025-05-08T14:04:37.000+0000, 
00QV500000DoTdXMAV, ,MQL,2025-05-13,Webinar,2025-05-13T15:50:20.000+0000,00QV500000DoTdXMAV
 ,003V50000067BX8IAM,MQL,2025-05-16,Webinar,2025-05-16T17:19:52.000+0000, 
 ,003V50000067NY2IAM,MQL,2025-05-16,Webinar,2025-05-16T17:19:52.000+0000, 
 ,003V50000067eTXIAY,MQL,2025-05-16,Webinar,2025-05-16T17:19:52.000+0000, 
 ,003V500000NtZRkIAN,MQL,2025-05-16,memoryBlue,2025-05-16T17:19:52.000+0000, 
00QV500000JQIb3MAH, ,MQL,2025-05-16,Events,2025-05-16T17:29:48.000+0000,00QV500000JQIb3MAH
 ,003V50000067bAvIAI,MQL,2025-05-19,Events,2025-05-19T18:07:39.000+0000, 
 ,003V50000067coLIAQ,MQL,2025-05-19,Events,2025-05-19T18:07:39.000+0000, 
 ,003V50000067ldMIAQ,MQL,2025-05-19,Events,2025-05-19T18:07:39.000+0000, 
 ,003V500000681ldIAA,MQL,2025-05-19,memoryBlue,2025-05-19T18:07:39.000+0000, 
 ,003V500000L3ryBIAR,MQL,2025-05-19,Bing Natural Search,2025-05-20T00:38:08.000+0000, 
 ,003V50000067TvyIAE,MQL,2025-05-22,Events,2025-05-22T11:27:04.000+0000, 
 ,003V500000GlhgDIAR,MQL,2025-05-22,Google Ad,2025-05-22T17:06:24.000+0000, 
 ,003V500000BGSOdIAP,MQL,2025-05-22,Sales,2025-05-22T17:05:34.000+0000, 
 ,003V50000067JQgIAM,MQL,2025-05-27,Events,2025-05-27T07:19:55.000+0000, 
 ,003V50000067TvuIAE,MQL,2025-05-30,Events,2025-05-30T07:15:49.000+0000, 
 ,003V500000I7JtCIAV,MQL,2025-05-30,Website,2025-05-30T10:08:18.000+0000, 
 ,003V50000067zPuIAI,MQL,2025-06-13,Marketing Research,2025-06-13T20:37:52.000+0000, 
 ,003V500000Pg2QRIAZ,MQL,2025-06-17,Google Natural Search,2025-06-17T13:44:40.000+0000, 
 ,003V500000NpmF5IAJ,MQL,2025-06-19,Google Natural Search,2025-06-19T17:58:12.000+0000, 
 ,003V50000067k9IIAQ,MQL,2025-06-20,Events,2025-06-20T15:43:01.000+0000, 
00QV500000KIkNRMA1, ,MQL,2025-06-23,Website,2025-06-23T17:54:07.000+0000,00QV500000KIkNRMA1
00QV500000L2VDMMA3, ,MQL,2025-06-23,Partner,2025-06-23T19:50:35.000+0000,00QV500000L2VDMMA3
 ,003V500000Q7vkEIAR,SAL,2025-06-25,Sales,2025-06-25T20:20:36.000+0000, 
00QV500000LBLDAMA5, ,SAL,2025-06-25,Sales,2025-06-25T20:18:36.000+0000,00QV500000LBLDAMA5
00QV500000LBLDAMA5, ,MQL,2025-06-25,Sales,2025-06-25T20:18:24.000+0000,00QV500000LBLDAMA5
 ,003V500000Q86XVIAZ,MQL,2025-06-25,Sales,2025-06-25T20:24:59.000+0000, 
 ,003V50000067BrrIAE,MQL,2025-06-27,Marketing Research,2025-06-27T15:13:23.000+0000, 
 ,003V50000067a3aIAA,MQL,2025-06-27,Marketing Research,2025-06-27T15:13:23.000+0000, 
 ,003V50000067qA5IAI,MQL,2025-06-27,Events,2025-06-27T15:13:23.000+0000, 
 ,003V500000Q2kpOIAR,MQL,2025-06-27,Events,2025-06-27T15:13:23.000+0000, 
 ,003V50000067e3fIAA,MQL,2025-07-01,Webinar,2025-07-01T20:55:11.000+0000, 
 ,003V50000067xBgIAI,MQL,2025-07-01,Website,2025-07-01T20:55:11.000+0000, 
 ,003V500000682AvIAI,MQL,2025-07-01,Webinar,2025-07-01T20:55:11.000+0000, 
 ,003V500000LrL8qIAF,MQL,2025-07-01,Webinar,2025-07-01T20:55:11.000+0000, 
00QV500000L2VDMMA3, ,SAL,2025-07-03,Partner,2025-07-03T21:24:09.000+0000,00QV500000L2VDMMA3
00QV500000Acb5dMAB, ,MQL,2025-07-07,Email,2025-07-07T19:42:33.000+0000,00QV500000Acb5dMAB
00QV500000Acb5dMAB, ,MQL,2025-07-07,Email,2025-07-07T19:52:46.000+0000,00QV500000Acb5dMAB
 ,003V500000OIkBhIAL,MQL,2025-07-07,Webinar,2025-07-07T19:56:39.000+0000, 
 ,003V500000OIkBhIAL,MQL,2025-07-08,Webinar,2025-07-08T13:56:51.000+0000, 
00QV500000LjhazMAB, ,MQL,2025-07-08,Google Natural Search,2025-07-08T18:22:55.000+0000,00QV500000LjhazMAB
 ,003V50000067u2CIAQ,MQL,2025-07-08,Website,2025-07-08T21:04:02.000+0000, 
 ,003V5000007ZY68IAG,MQL,2025-07-09,Google Natural Search,2025-07-09T15:49:42.000+0000, 
00QV500000JwxXuMAJ, ,MQL,2025-07-09,Social Media - Organic,2025-07-09T15:57:12.000+0000,00QV500000JwxXuMAJ
 ,003V50000067xBgIAI,MQL,2025-07-10,Website,2025-07-10T07:26:24.000+0000, 
00QV500000LjhazMAB, ,SAL,2025-07-10,Google Natural Search,2025-07-10T12:20:56.000+0000,00QV500000LjhazMAB
 ,003V500000683VBIAY,MQL,2025-07-10,Website,2025-07-10T17:58:46.000+0000, 
00QV500000Lqq9kMAB, ,MQL,2025-07-10,Sales,2025-07-10T18:33:45.000+0000,00QV500000Lqq9kMAB
00QV500000Lqq9kMAB, ,SAL,2025-07-10,Sales,2025-07-10T18:33:58.000+0000,00QV500000Lqq9kMAB
 , ,MQL,2025-07-15, ,2025-07-15T18:25:09.000+0000, 
 , ,SAL,2025-07-15, ,2025-07-15T18:25:19.000+0000, 
00QV500000M3TLlMAN, ,SAL,2025-07-15,Display,2025-07-15T19:03:42.000+0000,00QV500000M3TLlMAN
00QV500000Acb5dMAB, ,SAL,2025-07-15,Email,2025-07-15T18:21:42.000+0000,00QV500000Acb5dMAB
00QV500000M3T7FMAV, ,SAL,2025-07-15,Website,2025-07-15T19:42:55.000+0000,00QV500000M3T7FMAV
00QV500000JwxXuMAJ, ,SAL,2025-07-15,Social Media - Organic,2025-07-15T19:12:54.000+0000,00QV500000JwxXuMAJ
 ,003V500000NtZRkIAN,SAL,2025-07-15,memoryBlue,2025-07-15T19:10:51.000+0000, 
00QV500000M3TLlMAN, ,MQL,2025-07-15,Display,2025-07-15T19:02:58.000+0000,00QV500000M3TLlMAN
00QV500000DBUxlMAH, ,SAL,2025-07-15,6sense SI,2025-07-15T19:09:46.000+0000,00QV500000DBUxlMAH
00QV500000M3T7FMAV, ,MQL,2025-07-15,Website,2025-07-15T19:42:46.000+0000,00QV500000M3T7FMAV
00QV500000DoTdXMAV, ,SAL,2025-07-16,Webinar,2025-07-16T13:27:02.000+0000,00QV500000DoTdXMAV
00QV500000KIkNRMA1, ,SAL,2025-07-16,Website,2025-07-16T12:55:22.000+0000,00QV500000KIkNRMA1
 , ,MQL,2025-07-17, ,2025-07-17T17:30:17.000+0000, 
 , ,MQL,2025-07-17, ,2025-07-17T17:29:44.000+0000, 
00QV500000MIHnKMAX, ,MQL,2025-07-21,Website,2025-07-21T13:22:02.000+0000,00QV500000MIHnKMAX
00QV500000MIHnKMAX, ,SAL,2025-07-21,Website,2025-07-21T19:07:50.000+0000,00QV500000MIHnKMAX
00QV5000006N7FuMAK, ,MQL,2025-07-21,Social Media - Organic,2025-07-21T20:49:28.000+0000,00QV5000006N7FuMAK
00QV500000Lk1LBMAZ, ,MQL,2025-07-22,WebHelp Registration,2025-07-22T18:17:14.000+0000,00QV500000Lk1LBMAZ
00QV500000Lk1LBMAZ, ,SAL,2025-07-23,WebHelp Registration,2025-07-23T12:26:00.000+0000,00QV500000Lk1LBMAZ
00QV5000006N869MAC, ,MQL,2025-07-23,Webinar,2025-07-23T17:09:27.000+0000,00QV5000006N869MAC
 ,003V50000067bvgIAA,SAL,2025-07-23,Events,2025-07-23T19:46:16.000+0000, 
00QV5000006N869MAC, ,SAL,2025-07-25,Webinar,2025-07-25T17:59:34.000+0000,00QV5000006N869MAC
00QV500000MX031MAD, ,MQL,2025-07-26,Google Ad,2025-07-27T00:02:14.000+0000,00QV500000MX031MAD
 ,003V500000683VBIAY,SAL,2025-07-29,Website,2025-07-29T18:27:09.000+0000, 
00QV500000MX031MAD, ,SAL,2025-07-30,Google Ad,2025-07-30T13:50:35.000+0000,00QV500000MX031MAD
00QV500000MjLTVMA3, ,MQL,2025-07-31,Website,2025-07-31T16:24:04.000+0000,00QV500000MjLTVMA3
 ,003V500000683VBIAY,MQL,2025-08-01,Website,2025-08-01T20:54:03.000+0000, 
00QV500000MjLTVMA3, ,SAL,2025-08-04,Website,2025-08-04T19:35:50.000+0000,00QV500000MjLTVMA3
 ,003V50000067bvzIAA,SAL,2025-08-07, ,2025-08-07T17:44:49.000+0000, 
00QV500000N0Pu2MAF, ,MQL,2025-08-07,LinkedIn Ad,2025-08-07T18:40:26.000+0000,00QV500000N0Pu2MAF
00QV500000N0Pu2MAF, ,SAL,2025-08-07,LinkedIn Ad,2025-08-07T20:23:27.000+0000,00QV500000N0Pu2MAF
00QV500000N0Pu2MAF, ,MQL,2025-08-07,LinkedIn Ad,2025-08-07T20:23:43.000+0000,00QV500000N0Pu2MAF
00QV500000N7if1MAB, ,MQL,2025-08-11,Sales,2025-08-11T18:26:26.000+0000,00QV500000N7if1MAB
00QV500000N7if1MAB, ,SAL,2025-08-11,Sales,2025-08-11T18:26:43.000+0000,00QV500000N7if1MAB
00QV500000N9N3PMAV, ,MQL,2025-08-12,Google Natural Search,2025-08-12T08:14:12.000+0000,00QV500000N9N3PMAV
00QV500000N9N3PMAV, ,SAL,2025-08-12,Google Natural Search,2025-08-12T12:05:39.000+0000,00QV500000N9N3PMAV
00QV5000006N1hnMAC, ,SAL,2025-08-12,memoryBlue,2025-08-12T14:26:13.000+0000,00QV5000006N1hnMAC
 ,003V500000ErlFHIAZ,MQL,2025-08-12,Google Ad,2025-08-12T19:01:34.000+0000, 
00QV500000NApP0MAL, ,SAL,2025-08-12,Website,2025-08-12T19:15:34.000+0000,00QV500000NApP0MAL
 ,003V500000FRvGWIA1,MQL,2025-08-12,Webinar,2025-08-12T19:00:02.000+0000, 
00QV500000NApP0MAL, ,MQL,2025-08-12,Website,2025-08-12T18:42:46.000+0000,00QV500000NApP0MAL
 ,003V500000672t8IAA,MQL,2025-08-13,Event,2025-08-13T18:15:39.000+0000, 
 ,003V500000674zcIAA,MQL,2025-08-13,Pardot Email,2025-08-13T18:15:39.000+0000, 
 ,003V500000675BHIAY,MQL,2025-08-13,Events,2025-08-13T18:15:39.000+0000, 
 ,003V500000676c0IAA,MQL,2025-08-13,Sales,2025-08-13T18:15:39.000+0000, 
 ,003V500000676c3IAA,MQL,2025-08-13,Event,2025-08-13T18:15:39.000+0000, 
 ,003V500000676tPIAQ,MQL,2025-08-13,Sales,2025-08-13T18:15:39.000+0000, 
 ,003V500000676tSIAQ,MQL,2025-08-13, ,2025-08-13T18:15:39.000+0000, 
 ,003V50000067DigIAE,MQL,2025-08-13,Webinar,2025-08-13T18:15:39.000+0000, 
 ,003V50000067G1YIAU,MQL,2025-08-13,Events,2025-08-13T18:15:39.000+0000, 
 ,003V50000067GzkIAE,MQL,2025-08-13,Marketing Research,2025-08-13T18:15:39.000+0000, 
 ,003V50000067JPCIA2,MQL,2025-08-13,Webinar,2025-08-13T18:15:39.000+0000, 
 ,003V50000067JQhIAM,MQL,2025-08-13,Webinar,2025-08-13T18:15:39.000+0000, 
 ,003V50000067JjyIAE,MQL,2025-08-13,Event,2025-08-13T18:15:39.000+0000, 
 ,003V50000067JygIAE,MQL,2025-08-13, ,2025-08-13T18:15:39.000+0000, 
 ,003V50000067K49IAE,MQL,2025-08-13,Marketing Research,2025-08-13T18:15:39.000+0000, 
 ,003V50000067KBcIAM,MQL,2025-08-13,Marketing Research,2025-08-13T18:15:39.000+0000, 
 ,003V50000067Kn0IAE,MQL,2025-08-13, ,2025-08-13T18:15:39.000+0000, 
 ,003V50000067M7HIAU,MQL,2025-08-13,Event,2025-08-13T18:15:39.000+0000, 
 ,003V50000067M7oIAE,MQL,2025-08-13,webhelp-access-requested,2025-08-13T18:15:39.000+0000, 
 ,003V50000067N1IIAU,MQL,2025-08-13,Event,2025-08-13T18:15:39.000+0000, 
 ,003V50000067OobIAE,MQL,2025-08-13,webhelp-access-requested,2025-08-13T18:15:39.000+0000, 
 ,003V50000067OzCIAU,MQL,2025-08-13,Events,2025-08-13T18:15:39.000+0000, 
 ,003V50000067PwNIAU,MQL,2025-08-13,Drip Email,2025-08-13T18:15:39.000+0000, 
 ,003V50000067R7ZIAU,MQL,2025-08-13,Web Site,2025-08-13T18:15:39.000+0000, 
 ,003V50000067RO7IAM,MQL,2025-08-13,Event,2025-08-13T18:15:39.000+0000, 
 ,003V50000067TbyIAE,MQL,2025-08-13,Event,2025-08-13T18:15:39.000+0000, 
 ,003V50000067TvyIAE,MQL,2025-08-13,Events,2025-08-13T18:15:39.000+0000, 
 ,003V50000067U9JIAU,MQL,2025-08-13,Inside Sales,2025-08-13T18:15:39.000+0000, 
 ,003V50000067UFjIAM,MQL,2025-08-13,WebHelp Registration,2025-08-13T18:15:39.000+0000, 
 ,003V50000067UnUIAU,MQL,2025-08-13, ,2025-08-13T18:15:39.000+0000, 
 ,003V50000067UtBIAU,MQL,2025-08-13,Partner,2025-08-13T18:15:39.000+0000, 
 ,003V50000067YpeIAE,MQL,2025-08-13, ,2025-08-13T18:15:39.000+0000, 
 ,003V50000067arpIAA,MQL,2025-08-13,Events,2025-08-13T18:15:39.000+0000, 
 ,003V50000067bLuIAI,MQL,2025-08-13,Webinar,2025-08-13T18:15:39.000+0000, 
 ,003V50000067djwIAA,MQL,2024-12-04,Event,2025-08-13T18:15:39.000+0000, 
 ,003V50000067dvoIAA,MQL,2025-08-13,Event,2025-08-13T18:15:39.000+0000, 
 ,003V50000067gWpIAI,MQL,2025-08-13,Events,2025-08-13T18:15:39.000+0000, 
 ,003V50000067h7QIAQ,MQL,2025-08-13, ,2025-08-13T18:15:39.000+0000, 
 ,003V50000067h7oIAA,MQL,2025-08-13,Event,2025-08-13T18:15:39.000+0000, 
 ,003V50000067lSNIAY,MQL,2025-08-13,Event,2025-08-13T18:15:39.000+0000, 
 ,003V50000067lVCIAY,MQL,2025-08-13,Events,2025-08-13T18:15:39.000+0000, 
 ,003V50000067lVEIAY,MQL,2025-03-14,Google Ad,2025-08-13T18:15:39.000+0000, 
 ,003V50000067mXqIAI,MQL,2025-08-13,Event,2025-08-13T18:15:39.000+0000, 
 ,003V50000067mYTIAY,MQL,2025-08-13, ,2025-08-13T18:15:39.000+0000, 
 ,003V50000067msNIAQ,MQL,2025-08-13,Events,2025-08-13T18:15:39.000+0000, 
 ,003V50000067woSIAQ,MQL,2025-08-13,Event,2025-08-13T18:15:39.000+0000, 
 ,003V50000067z6FIAQ,MQL,2025-08-13,Events,2025-08-13T18:15:39.000+0000, 
 ,003V50000067z8DIAQ,MQL,2025-08-13,Webinar,2025-08-13T18:15:39.000+0000, 
 ,003V500000680G7IAI,MQL,2025-08-13,Events,2025-08-13T18:15:39.000+0000, 
 ,003V500000680pkIAA,MQL,2025-08-13,Sales,2025-08-13T18:15:39.000+0000, 
 ,003V5000006819zIAA,MQL,2025-08-13,pardot,2025-08-13T18:15:39.000+0000, 
 ,003V500000681BtIAI,MQL,2025-08-13,Events,2025-08-13T18:15:39.000+0000, 
 ,003V500000683wsIAA,MQL,2025-08-13,pardot,2025-08-13T18:15:39.000+0000, 
 ,003V50000067Tm5IAE,MQL,2025-08-13,Webinar,2025-08-13T18:11:50.000+0000, 
 ,003V50000067TvnIAE,MQL,2025-08-13,White Paper Placement,2025-08-13T18:11:50.000+0000, 
00QV500000GjL78MAF, ,SAL,2025-03-14,Partner,2025-08-14T13:59:39.000+0000,00QV500000GjL78MAF
00QV500000NHCh3MAH, ,SAL,2025-08-14,Google Natural Search,2025-08-14T20:35:35.000+0000,00QV500000NHCh3MAH
00QV500000NHCh3MAH, ,MQL,2025-08-14,Google Natural Search,2025-08-14T20:25:35.000+0000,00QV500000NHCh3MAH
 ,003V50000067R7ZIAU,SAL,2025-08-15,Web Site,2025-08-15T13:39:26.000+0000, 
 ,003V50000067JQhIAM,SAL,2025-08-15,Webinar,2025-08-15T13:55:40.000+0000, 
 ,003V50000067zbCIAQ,SAL,2025-08-20,Linkedin Sales Navigator,2025-08-20T12:20:49.000+0000, 
00QV500000NU5oFMAT, ,MQL,2025-08-20,Partner,2025-08-20T18:50:24.000+0000,00QV500000NU5oFMAT
00QV500000NU5oFMAT, ,SAL,2025-08-20,Partner,2025-08-20T18:50:28.000+0000,00QV500000NU5oFMAT
00QV500000GWD8BMAX, ,SAL,2025-08-26,Webinar,2025-08-26T15:32:21.000+0000,00QV500000GWD8BMAX
00QV500000GWD8BMAX, ,MQL,2025-08-26,Webinar,2025-08-26T15:32:20.000+0000,00QV500000GWD8BMAX
00QV5000006N5nYMAS, ,MQL,2025-08-27,Web Site,2025-08-27T18:10:58.000+0000,00QV5000006N5nYMAS
 ,003V50000067TvuIAE,MQL,2025-08-28,Events,2025-08-28T19:53:32.000+0000, 
00QV500000NzH8QMAV, ,MQL,2025-09-03,Partner,2025-09-03T15:49:59.000+0000,00QV500000NzH8QMAV
00QV500000NzNyZMAV, ,MQL,2025-09-03,Partner,2025-09-03T15:33:03.000+0000,00QV500000NzNyZMAV
00QV500000NzDJMMA3, ,SAL,2025-09-03,Partner,2025-09-03T15:56:16.000+0000,00QV500000NzDJMMA3
00QV500000Nz8LEMAZ, ,SAL,2025-09-03,Partner,2025-09-03T16:00:42.000+0000,00QV500000Nz8LEMAZ
00QV500000NzDJMMA3, ,MQL,2025-09-03,Partner,2025-09-03T15:56:14.000+0000,00QV500000NzDJMMA3
00QV500000Nz8LEMAZ, ,MQL,2025-09-03,Partner,2025-09-03T16:00:40.000+0000,00QV500000Nz8LEMAZ
00QV500000NzN0sMAF, ,SAL,2025-09-03,Partner,2025-09-03T15:53:33.000+0000,00QV500000NzN0sMAF
00QV500000NzNyZMAV, ,SAL,2025-09-03,Partner,2025-09-03T15:33:06.000+0000,00QV500000NzNyZMAV
00QV500000NzE13MAF, ,SAL,2025-09-03,Partner,2025-09-03T15:43:13.000+0000,00QV500000NzE13MAF
00QV500000NzE13MAF, ,MQL,2025-09-03,Partner,2025-09-03T15:43:11.000+0000,00QV500000NzE13MAF
00QV500000NzLaBMAV, ,MQL,2025-09-03,Partner,2025-09-03T16:03:58.000+0000,00QV500000NzLaBMAV
00QV500000NzLaBMAV, ,SAL,2025-09-03,Partner,2025-09-03T16:04:01.000+0000,00QV500000NzLaBMAV
00QV500000NzH8QMAV, ,SAL,2025-09-03,Partner,2025-09-03T15:50:01.000+0000,00QV500000NzH8QMAV
00QV500000NzN0sMAF, ,MQL,2025-09-03,Partner,2025-09-03T15:53:31.000+0000,00QV500000NzN0sMAF
00QV5000006N5nYMAS, ,SAL,2025-09-04,Web Site,2025-09-04T16:19:51.000+0000,00QV5000006N5nYMAS
 ,003V500000TZLU1IAP,MQL,2025-09-05,Event,2025-09-05T15:46:58.000+0000, 
00QV500000OMqQMMA1, ,MQL,2025-09-11,Partner,2025-09-11T19:40:55.000+0000,00QV500000OMqQMMA1
00QV500000OMqQMMA1, ,SAL,2025-09-11,Partner,2025-09-11T19:40:57.000+0000,00QV500000OMqQMMA1
00QV500000ML76jMAD, ,MQL,2025-09-22,WebHelp Registration,2025-09-23T02:01:37.000+0000,00QV500000ML76jMAD
00QV500000ML76jMAD, ,SAL,2025-09-22,WebHelp Registration,2025-09-23T02:01:40.000+0000,00QV500000ML76jMAD
 ,003V50000067jH0IAI,MQL,2025-09-23,Events,2025-09-23T15:15:38.000+0000, 
00QV500000OoF2rMAF, ,MQL,2025-09-23,Partner,2025-09-23T16:51:52.000+0000,00QV500000OoF2rMAF
00QV500000OoF2rMAF, ,SAL,2025-09-23,Partner,2025-09-23T16:53:51.000+0000,00QV500000OoF2rMAF
 ,003V500000672pbIAA,MQL,2025-09-23,Events,2025-09-23T18:27:57.000+0000, 
 ,003V50000067ChEIAU,MQL,2025-09-23,Events,2025-09-23T18:27:57.000+0000, 
 ,003V50000067IMsIAM,MQL,2025-09-23,Events,2025-09-23T18:27:57.000+0000, 
 ,003V50000067Yv5IAE,MQL,2025-09-23,Events,2025-09-23T18:27:57.000+0000, 
 ,003V50000067bZvIAI,MQL,2025-09-23,Events,2025-09-23T18:27:57.000+0000, 
 ,003V500000OG4xuIAD,MQL,2025-09-23,Events,2025-09-23T18:27:57.000+0000, 
 ,003V500000RDRFpIAP,MQL,2025-09-23,WebHelp Registration,2025-09-23T18:27:57.000+0000, 
 ,003V500000672E9IAI,MQL,2025-09-29,Bing Natural Search,2025-09-29T17:05:22.000+0000, 
 ,003V500000683VBIAY,MQL,2025-10-01,Website,2025-10-01T20:05:49.000+0000, 
00QV500000O5QAYMA3, ,SAL,2025-10-03,6sense SI,2025-10-03T13:27:57.000+0000,00QV500000O5QAYMA3
00QV500000PEayAMAT, ,SAL,2025-10-03,Partner,2025-10-03T15:07:15.000+0000,00QV500000PEayAMAT
00QV500000PEayAMAT, ,MQL,2025-10-03,Partner,2025-10-03T15:07:13.000+0000,00QV500000PEayAMAT
00QV500000PEnvJMAT, ,MQL,2025-10-03,Partner,2025-10-03T15:09:33.000+0000,00QV500000PEnvJMAT
00QV500000PEnvJMAT, ,SAL,2025-10-03,Partner,2025-10-03T15:09:36.000+0000,00QV500000PEnvJMAT
 ,003V50000067sWlIAI,SAL,2025-10-07,Event,2025-10-07T20:12:27.000+0000, 
 ,003V50000067sWlIAI,MQL,2025-10-07,Event,2025-10-07T20:10:14.000+0000, 
 ,003V500000Oxev9IAB,MQL,2025-10-07,Webinar,2025-10-07T20:42:25.000+0000, 
00QV500000PVz2PMAT, ,SAL,2025-10-08,memoryBlue,2025-10-08T17:11:16.000+0000,00QV500000PVz2PMAT
00QV500000PVz2PMAT, ,MQL,2025-10-08,memoryBlue,2025-10-08T17:10:13.000+0000,00QV500000PVz2PMAT
00QV5000006N7pYMAS, ,SAL,2025-10-09,Event,2025-10-09T08:25:58.000+0000,00QV5000006N7pYMAS
00QV500000GWDYVMA5, ,SAL,2025-10-14,Webinar,2025-10-14T12:31:05.000+0000,00QV500000GWDYVMA5
 ,003V50000067UtDIAU,MQL,2025-10-14,Event,2025-10-14T23:23:17.000+0000, 
 ,003V50000067UsnIAE,MQL,2025-10-14,Partner,2025-10-14T23:25:13.000+0000, 
 ,003V500000680FNIAY,SAL,2025-10-15,Zoominfo,2025-10-15T14:12:02.000+0000, 
 ,003V500000674MiIAI,MQL,2025-10-15,Events,2025-10-15T20:07:20.000+0000, 
 ,003V50000067l02IAA,MQL,2025-10-15,Events,2025-10-15T20:07:20.000+0000, 
 ,003V50000067l0gIAA,MQL,2025-10-15,Events,2025-10-15T20:07:20.000+0000, 
 ,003V50000067l0hIAA,MQL,2025-10-15,Events,2025-10-15T20:07:20.000+0000, 
 ,003V50000067l0iIAA,MQL,2025-10-15,Events,2025-10-15T20:07:20.000+0000, 
 ,003V50000067t5kIAA,MQL,2025-10-15,Events,2025-10-15T20:07:20.000+0000, 
 ,003V500000682PzIAI,MQL,2025-10-15,Events,2025-10-15T20:07:20.000+0000, 
 ,003V500000684vbIAA,MQL,2025-10-15,Events,2025-10-15T20:07:20.000+0000, 
 ,003V500000Oy0sKIAR,MQL,2025-10-15,Events,2025-10-15T20:07:20.000+0000, 
 ,003V50000067Rt5IAE,MQL,2025-10-15,Events,2025-10-15T19:41:22.000+0000, 
 ,003V50000067knzIAA,MQL,2025-10-15,Events,2025-10-15T20:03:52.000+0000, 
00QV500000PtCjcMAF, ,MQL,2025-10-15,Events,2025-10-15T20:07:42.000+0000,00QV500000PtCjcMAF
00QV500000QBfyXMAT, ,MQL,2025-10-21,Website,2025-10-21T16:11:01.000+0000,00QV500000QBfyXMAT
00QV500000QBfyXMAT, ,SAL,2025-10-28,Website,2025-10-28T17:53:53.000+0000,00QV500000QBfyXMAT
 ,003V50000067aVLIAY,MQL,2025-10-29,WebHelp Registration,2025-10-29T23:12:44.000+0000, 
00QV500000JQIb3MAH, ,SAL,2025-10-30,Events,2025-10-30T17:48:35.000+0000,00QV500000JQIb3MAH
00QV500000JQGPMMA5, ,SAL,2025-10-30,Webinar,2025-10-30T17:49:55.000+0000,00QV500000JQGPMMA5
00QV500000PtCjcMAF, ,SAL,2025-10-30,Events,2025-10-30T20:23:51.000+0000,00QV500000PtCjcMAF
 ,003V50000067TvuIAE,MQL,2025-10-31,Events,2025-10-31T17:11:15.000+0000, 
00QV500000M3WA6MAN, ,MQL,2025-11-04,Partner,2025-11-04T19:59:24.000+0000,00QV500000M3WA6MAN
00QV500000MAG0YMAX, ,SAL,2025-11-04,Partner,2025-11-04T19:58:50.000+0000,00QV500000MAG0YMAX
00QV500000MAG0YMAX, ,MQL,2025-11-04,Partner,2025-11-04T19:58:38.000+0000,00QV500000MAG0YMAX
00QV500000M3WA6MAN, ,SAL,2025-11-04,Partner,2025-11-04T19:59:26.000+0000,00QV500000M3WA6MAN
00QV5000006N7pYMAS, ,MQL,2025-11-07,Event,2025-11-07T15:41:41.000+0000,00QV5000006N7pYMAS
00QV5000006N7pYMAS, ,SAL,2025-11-07,Event,2025-11-07T15:42:29.000+0000,00QV5000006N7pYMAS
 ,003V50000067TvyIAE,MQL,2025-11-09,Events,2025-11-09T18:04:46.000+0000, 
00QV500000REZzFMAX, ,MQL,2025-11-10,Website,2025-11-10T19:41:07.000+0000,00QV500000REZzFMAX
00QV500000REZzFMAX, ,SAL,2025-11-11,Website,2025-11-11T15:52:04.000+0000,00QV500000REZzFMAX
00QV500000RM6SGMA1, ,MQL,2025-11-12,Partner,2025-11-12T20:19:14.000+0000,00QV500000RM6SGMA1
00QV500000RM6SGMA1, ,SAL,2025-11-12,Partner,2025-11-12T20:19:16.000+0000,00QV500000RM6SGMA1
00QV500000RPKC5MAP, ,SAL,2025-11-13,Partner,2025-11-13T16:38:35.000+0000,00QV500000RPKC5MAP
00QV500000RPKC5MAP, ,MQL,2025-11-13,Partner,2025-11-13T16:38:33.000+0000,00QV500000RPKC5MAP
00QV500000RQXonMAH, ,MQL,2025-11-13,Partner,2025-11-13T22:10:02.000+0000,00QV500000RQXonMAH
00QV500000RQXonMAH, ,SAL,2025-11-13,Partner,2025-11-13T22:10:05.000+0000,00QV500000RQXonMAH
00QV500000RmUsIMAV, ,MQL,2025-11-21,Events,2025-11-21T16:03:33.000+0000,00QV500000RmUsIMAV
00QV500000Rkjp1MAB, ,MQL,2025-11-21,Partner,2025-11-21T17:04:33.000+0000,00QV500000Rkjp1MAB
00QV500000RlFTtMAN, ,SAL,2025-11-21,Partner,2025-11-21T16:53:27.000+0000,00QV500000RlFTtMAN
00QV5000009xmJcMAI, ,MQL,2025-11-21,Partner,2025-11-21T16:12:48.000+0000,00QV5000009xmJcMAI
00QV500000RmUsIMAV, ,SAL,2025-11-21,Events,2025-11-21T16:04:16.000+0000,00QV500000RmUsIMAV
00QV500000Rkjp1MAB, ,SAL,2025-11-21,Partner,2025-11-21T17:04:36.000+0000,00QV500000Rkjp1MAB
00QV5000009xmJcMAI, ,SAL,2025-11-21,Partner,2025-11-21T16:13:04.000+0000,00QV5000009xmJcMAI
00QV500000RlFTtMAN, ,MQL,2025-11-21,Partner,2025-11-21T16:53:20.000+0000,00QV500000RlFTtMAN
00QV500000Rkr3QMAR, ,MQL,2025-11-21,Partner,2025-11-21T16:55:22.000+0000,00QV500000Rkr3QMAR
00QV500000Rkr3QMAR, ,SAL,2025-11-21,Partner,2025-11-21T16:55:25.000+0000,00QV500000Rkr3QMAR
 ,003V50000067sWpIAI,SAL,2025-11-21,Partner,2025-11-21T18:24:09.000+0000, 
00QV500000RlCsbMAF, ,MQL,2025-11-21,Partner,2025-11-21T18:19:36.000+0000,00QV500000RlCsbMAF
00QV500000RlCsbMAF, ,SAL,2025-11-21,Partner,2025-11-21T18:19:37.000+0000,00QV500000RlCsbMAF
 ,003V50000067sWpIAI,MQL,2025-11-21,Partner,2025-11-21T18:24:07.000+0000, 
00QV500000RQXonMAH, ,MQL,2025-11-21,Partner,2025-11-21T18:29:16.000+0000,00QV500000RQXonMAH
00QV500000RQXonMAH, ,SAL,2025-11-21,Partner,2025-11-21T18:29:26.000+0000,00QV500000RQXonMAH
00QV500000RPKC5MAP, ,MQL,2025-11-21,Partner,2025-11-21T21:44:48.000+0000,00QV500000RPKC5MAP
00QV500000RPKC5MAP, ,SAL,2025-11-21,Partner,2025-11-21T21:44:49.000+0000,00QV500000RPKC5MAP
00QV500000RzLhVMAV, ,MQL,2025-11-25,Partner,2025-11-25T18:26:30.000+0000,00QV500000RzLhVMAV
00QV500000RzLhVMAV, ,SAL,2025-11-25,Partner,2025-11-25T18:26:32.000+0000,00QV500000RzLhVMAV
00QV5000006N7FuMAK, ,MQL,2025-12-02,Social Media - Organic,2025-12-02T20:23:48.000+0000,00QV5000006N7FuMAK
00QV5000006N7FuMAK, ,SAL,2025-12-02,Social Media - Organic,2025-12-02T20:22:47.000+0000,00QV5000006N7FuMAK
00QV500000SQEAVMA5, ,MQL,2025-12-04,Partner,2025-12-04T17:53:05.000+0000,00QV500000SQEAVMA5
00QV500000SQEAVMA5, ,SAL,2025-12-04,Partner,2025-12-04T17:53:23.000+0000,00QV500000SQEAVMA5
00QV500000SUUwcMAH, ,MQL,2025-12-05,Partner,2025-12-05T20:50:25.000+0000,00QV500000SUUwcMAH
00QV500000SUUwcMAH, ,SAL,2025-12-05,Partner,2025-12-05T20:50:27.000+0000,00QV500000SUUwcMAH
00QV500000SYucOMAT, ,MQL,2025-12-08,Referral,2025-12-08T15:35:58.000+0000,00QV500000SYucOMAT
00QV500000SYucOMAT, ,SAL,2025-12-09,Referral,2025-12-09T14:06:47.000+0000,00QV500000SYucOMAT
00QV500000SgPgGMAV, ,SAL,2025-12-10,Partner,2025-12-10T15:59:29.000+0000,00QV500000SgPgGMAV
00QV500000SgPgGMAV, ,MQL,2025-12-10,Partner,2025-12-10T15:59:26.000+0000,00QV500000SgPgGMAV
00QV500000Sj1mDMAR, ,SAL,2025-12-15,Partner,2025-12-15T17:20:35.000+0000,00QV500000Sj1mDMAR
00QV500000Sj1mDMAR, ,MQL,2025-12-15,Partner,2025-12-15T17:20:32.000+0000,00QV500000Sj1mDMAR
 ,003V500000aTnbhIAC,MQL,2025-12-16,Events,2025-12-16T13:27:32.000+0000, 
 ,003V500000aV95fIAC,MQL,2025-12-16,Events,2025-12-16T19:30:59.000+0000, 
 ,003V500000aV4QoIAK,MQL,2025-12-16, ,2025-12-16T19:53:07.000+0000, 
00QV500000TAWnWMAX, ,MQL,2025-12-19,Google Natural Search,2025-12-19T19:09:20.000+0000,00QV500000TAWnWMAX
 ,003V500000ahg2VIAQ,MQL,2025-12-19,Sales,2025-12-19T23:44:15.000+0000, 
00QV500000TAWnWMAX, ,SAL,2026-01-06,Google Natural Search,2026-01-06T14:09:09.000+0000,00QV500000TAWnWMAX
 ,003V500000aTnbhIAC,SAL,2026-01-06,Events,2026-01-06T14:10:23.000+0000, 
00QV500000TtoJhMAJ, ,MQL,2026-01-13,Bing Natural Search,2026-01-13T17:35:08.000+0000,00QV500000TtoJhMAJ
 ,003V50000067TvkIAE,MQL,2026-01-13,Drip Email,2026-01-13T19:15:34.000+0000, 
 ,003V50000067xilIAA,MQL,2026-01-13,Marketing Research,2026-01-13T19:16:13.000+0000, 
 ,003V500000681dhIAA,MQL,2026-01-13,Organic Search,2026-01-13T19:14:50.000+0000, 
00QV500000RzLhVMAV, ,MQL,2026-01-14,Partner,2026-01-14T13:43:46.000+0000,00QV500000RzLhVMAV
00QV500000RmUsIMAV, ,MQL,2026-01-14,Events,2026-01-14T19:23:03.000+0000,00QV500000RmUsIMAV
 ,003V500000ZqJgoIAF,MQL,2026-01-14,Events,2026-01-14T19:22:58.000+0000, 
 ,003V500000aAqruIAC,MQL,2026-01-14,Events,2026-01-14T19:22:58.000+0000, 
 ,003V50000067r2CIAQ,MQL,2026-01-14,Events,2026-01-14T19:22:58.000+0000, 
 ,003V5000006859qIAA,MQL,2026-01-14,Events,2026-01-14T19:22:58.000+0000, 
 ,003V500000aTnbhIAC,MQL,2026-01-14,Events,2026-01-14T19:22:58.000+0000, 
00QV500000UGVplMAH, ,MQL,2026-01-15,6sense SI,2026-01-15T17:50:31.000+0000,00QV500000UGVplMAH
00QV500000UGVplMAH, ,SAL,2026-01-16,6sense SI,2026-01-16T15:51:06.000+0000,00QV500000UGVplMAH
 ,003V500000cGD6gIAG,SAL,2026-01-19,memoryBlue-UK,2026-01-19T14:19:39.000+0000, 
 ,003V500000cKu1lIAC,MQL,2026-01-20,memoryBlue,2026-01-20T13:57:48.000+0000, 
00QV500000JQGPSMA5, ,MQL,2026-01-20,Events,2026-01-20T13:51:29.000+0000,00QV500000JQGPSMA5
00QV500000UW7puMAD, ,MQL,2026-01-20,Google Ad,2026-01-20T22:51:08.000+0000,00QV500000UW7puMAD
00QV500000JQGPSMA5, ,SAL,2026-01-23,Events,2026-01-23T13:35:48.000+0000,00QV500000JQGPSMA5
 ,003V500000cfpyTIAQ,SAL,2026-01-27,memoryBlue-UK,2026-01-27T16:24:14.000+0000, 
 ,003V500000aTnbhIAC,SAL,2026-01-27,Events,2026-01-27T20:03:43.000+0000, 
00QV500000TtoJhMAJ, ,SAL,2026-02-02,Bing Natural Search,2026-02-02T20:51:57.000+0000,00QV500000TtoJhMAJ
00QV500000UW7puMAD, ,SAL,2026-02-03,Google Ad,2026-02-03T14:05:27.000+0000,00QV500000UW7puMAD
 ,003V500000dRvi6IAC,MQL,2026-01-08,Bing Natural Search,2026-02-09T21:37:45.000+0000, 
 ,003V500000dRvi6IAC,SAL,2026-01-29,Bing Natural Search,2026-02-09T21:35:11.000+0000, 
00QV5000006N1hnMAC, ,MQL,2025-08-12,memoryBlue,2026-02-19T18:21:31.000+0000,00QV5000006N1hnMAC
00QV500000DBUxlMAH, ,MQL,2025-05-30,6sense SI,2026-02-19T18:21:31.000+0000,00QV500000DBUxlMAH
00QV500000JQGPMMA5, ,MQL,2025-10-30,Webinar,2026-02-19T18:21:31.000+0000,00QV500000JQGPMMA5
00QV500000O5QAYMA3, ,MQL,2025-10-03,6sense SI,2026-02-19T18:21:31.000+0000,00QV500000O5QAYMA3
 ,003V50000067bvgIAA,MQL,2025-07-01,Events,2026-02-19T18:18:56.000+0000, 
 ,003V50000067bvzIAA,MQL,2025-08-01, ,2026-02-19T18:18:56.000+0000, 
 ,003V50000067zbCIAQ,MQL,2025-08-01,Linkedin Sales Navigator,2026-02-19T18:18:56.000+0000, 
 ,003V500000680FNIAY,MQL,2025-10-01,Zoominfo,2026-02-19T18:18:56.000+0000, 
 ,003V50000067bvuIAA,SAL,2026-02-26,Events,2026-02-26T13:06:30.000+0000, 
 ,003V50000067bvuIAA,MQL,2026-02-26,Events,2026-02-26T13:04:36.000+0000, 
00QV500000WWPFSMA5, ,MQL,2026-02-26,memoryBlue,2026-02-26T13:16:36.000+0000,00QV500000WWPFSMA5
00QV500000WWPFSMA5, ,SAL,2026-02-26,memoryBlue,2026-02-26T13:17:48.000+0000,00QV500000WWPFSMA5
00QV500000Wc9JBMAZ, ,MQL,2026-02-27,Events,2026-02-27T20:53:20.000+0000,00QV500000Wc9JBMAZ
 ,003V500000674LOIAY,SAL,2026-03-02,memoryBlue,2026-03-02T18:30:00.000+0000, 
 ,003V500000674LOIAY,MQL,2026-03-02,memoryBlue,2026-03-02T18:27:19.000+0000, 
00QV500000WiILNMA3, ,MQL,2026-03-02,memoryBlue,2026-03-02T20:09:00.000+0000,00QV500000WiILNMA3
00QV500000WiILNMA3, ,SAL,2026-03-03,memoryBlue,2026-03-03T18:05:11.000+0000,00QV500000WiILNMA3
00QV500000Wc9JBMAZ, ,SAL,2026-03-04,Events,2026-03-04T13:15:10.000+0000,00QV500000Wc9JBMAZ
00QV500000W7FxdMAF, ,MQL,2026-03-04,6sense SI,2026-03-04T13:13:48.000+0000,00QV500000W7FxdMAF
00QV500000W7FxdMAF, ,SAL,2026-03-04,6sense SI,2026-03-04T13:13:57.000+0000,00QV500000W7FxdMAF
00QV500000WtN05MAF, ,MQL,2026-03-05,memoryBlue,2026-03-05T18:39:39.000+0000,00QV500000WtN05MAF
00QV500000WtN05MAF, ,SAL,2026-03-05,memoryBlue,2026-03-05T18:40:37.000+0000,00QV500000WtN05MAF
00QV500000WwUrLMAV, ,MQL,2026-03-06,memoryBlue,2026-03-06T14:45:17.000+0000,00QV500000WwUrLMAV
00QV500000WwUrLMAV, ,SAL,2026-03-06,memoryBlue,2026-03-06T14:45:23.000+0000,00QV500000WwUrLMAV
00QV500000X2cW8MAJ, ,SAL,2026-03-10,Google Natural Search,2026-03-10T16:16:40.000+0000,00QV500000X2cW8MAJ
00QV500000X2cW8MAJ, ,MQL,2026-03-10,Google Natural Search,2026-03-10T15:18:38.000+0000,00QV500000X2cW8MAJ
 ,003V50000067TvyIAE,MQL,2026-03-10,Events,2026-03-10T15:54:37.000+0000, 
00QV5000006N8TiMAK, ,MQL,2026-03-12,Sales,2026-03-12T12:42:33.000+0000,00QV5000006N8TiMAK
00QV5000006N8TiMAK, ,SAL,2026-03-12,Sales,2026-03-12T12:43:11.000+0000,00QV5000006N8TiMAK
00QV500000WtN05MAF, ,MQL,2026-03-12,memoryBlue,2026-03-12T12:44:09.000+0000,00QV500000WtN05MAF
00QV500000WtN05MAF, ,SAL,2026-03-12,memoryBlue,2026-03-12T12:45:54.000+0000,00QV500000WtN05MAF
 ,003V500000fMXNVIA4,MQL,2026-03-12,memoryBlue,2026-03-12T12:49:59.000+0000, 
 ,003V500000fMXNVIA4,SAL,2026-03-12,memoryBlue,2026-03-12T12:50:32.000+0000, 
 ,003V50000067N8sIAE,MQL,2026-03-12,Event,2026-03-12T22:49:21.000+0000, 
 ,003V500000fOuCnIAK,MQL,2026-03-12,Events,2026-03-12T22:45:37.000+0000, 
 ,003V500000fOlaxIAC,MQL,2026-03-12,Events,2026-03-12T22:45:44.000+0000, 
 ,003V500000685JHIAY,MQL,2026-03-12,Events,2026-03-12T22:41:34.000+0000, 
 ,003V500000fOgmhIAC,MQL,2026-03-12,Events,2026-03-12T22:45:49.000+0000, 
 ,003V500000fP2F7IAK,MQL,2026-03-12,Events,2026-03-12T22:45:55.000+0000, 
 ,003V50000067e5bIAA,MQL,2026-03-12,Events,2026-03-12T22:48:07.000+0000, 
 ,003V500000683VBIAY,MQL,2026-03-13,Website,2026-03-13T15:30:54.000+0000, 
 ,003V50000067e5bIAA,SAL,2026-03-17,Events,2026-03-17T14:23:26.000+0000, 
00QV500000X3YbhMAF, ,SAL,2026-03-17,Events,2026-03-17T17:13:39.000+0000,00QV500000X3YbhMAF
00QV500000H9c9YMAR, ,MQL,2026-03-17,Events,2026-03-17T17:13:02.000+0000,00QV500000H9c9YMAR
00QV500000H9c9YMAR, ,SAL,2026-03-17,Events,2026-03-17T17:13:09.000+0000,00QV500000H9c9YMAR
00QV500000X3YbhMAF, ,MQL,2026-03-17,Events,2026-03-17T17:13:30.000+0000,00QV500000X3YbhMAF
 ,003V500000685JHIAY,SAL,2026-03-17,Events,2026-03-17T17:22:39.000+0000, 
00QV500000XuTacMAF, ,MQL,2026-03-25,6sense SI,2026-03-25T17:05:26.000+0000,00QV500000XuTacMAF
00QV500000XuTacMAF, ,SAL,2026-03-25,6sense SI,2026-03-25T17:20:40.000+0000,00QV500000XuTacMAF
 ,003V50000067PgQIAU,SAL,2026-03-26,memoryBlue,2026-03-26T21:10:47.000+0000, 
 ,003V50000067I97IAE,MQL,2026-03-30,Marketing Research,2026-03-30T15:36:42.000+0000, 
